haul_id,start_time,end_time,date_local,duration_hours,points,mean_speed,mean_depth,min_depth,max_depth,distance_nm,lat_start,lon_start,lat_end,lon_end
1,2026-01-05 11:06:09+00:00,2026-01-05 14:37:16+00:00,2026-01-05,3.5186111111111114,9,3.455555544959174,-370.22222222222223,-417,-334,11.674449802428258,55.211533333333335,149.93376666666666,55.396883333333335,149.86655
2,2026-01-05 15:53:09+00:00,2026-01-05 19:23:00+00:00,2026-01-05,3.4975,10,3.8600000143051147,-361.9,-453,-278,12.718379327877239,55.46548333333333,149.87356666666668,55.2569,149.90461666666667
3,2026-01-06 00:19:46+00:00,2026-01-06 02:08:02+00:00,2026-01-06,1.8044444444444445,6,3.9166667064030967,-379.0,-430,-349,7.1590567888833245,55.18989833333333,149.94681666666668,55.30258333333333,149.89948166666667
4,2026-01-06 03:08:08+00:00,2026-01-06 04:39:06+00:00,2026-01-06,1.5161111111111112,6,4.0,-366.5,-402,-348,6.200607614623704,55.27746666666667,149.91971666666666,55.175383333333336,149.93436666666668
5,2026-01-06 19:37:17+00:00,2026-01-06 21:10:49+00:00,2026-01-06,1.5588888888888888,6,3.599999984105428,-417.6666666666667,-466,-379,5.55414797096055,55.14715,149.99189833333332,55.14298333333333,149.90376666666666
6,2026-01-07 10:31:57+00:00,2026-01-07 12:04:49+00:00,2026-01-07,1.5477777777777777,6,3.466666658719381,-410.5,-475,-360,5.379185322994939,55.1327,149.8696,55.22155,149.87455
7,2026-01-07 13:15:07+00:00,2026-01-07 17:32:20+00:00,2026-01-07,4.286944444444444,11,3.6090909351002085,-478.1818181818182,-540,-371,15.449936559174605,55.19328333333333,149.87906666666666,55.16575,149.88986666666668
8,2026-01-07 18:29:56+00:00,2026-01-07 20:33:35+00:00,2026-01-07,2.0608333333333335,10,3.4299999952316282,-457.4,-499,-372,7.126967301805122,55.189283333333336,149.86666666666667,55.10399833333334,149.93985
9,2026-01-07 22:56:38+00:00,2026-01-08 00:53:18+00:00,2026-01-07,1.9444444444444444,6,4.066666642824809,-443.1666666666667,-528,-375,8.194889967488297,55.10315,149.86176666666665,55.23898333333333,149.84069833333334
10,2026-01-08 01:20:55+00:00,2026-01-08 03:43:05+00:00,2026-01-08,2.3694444444444445,8,3.5250000059604645,-416.875,-511,-369,8.012072486250435,55.23993333333333,149.83361666666667,55.10855,149.87215
11,2026-01-08 08:54:10+00:00,2026-01-08 10:29:18+00:00,2026-01-08,1.5855555555555556,8,3.8250000178813934,-433.0,-505,-368,6.181202506849186,55.209583333333335,149.84866666666667,55.10863333333333,149.8765
12,2026-01-09 09:09:48+00:00,2026-01-09 10:52:06+00:00,2026-01-09,1.7049999999999998,7,3.85714282308306,-339.85714285714283,-362,-305,6.713448378809803,56.283,154.114665,56.39293333333333,154.13885
13,2026-01-09 16:46:37+00:00,2026-01-09 19:35:27+00:00,2026-01-09,2.813888888888889,7,3.7714285850524902,-343.42857142857144,-367,-321,10.793750986349915,56.3353,154.11878333333334,56.5134,154.15545
14,2026-01-10 08:11:19+00:00,2026-01-10 12:40:58+00:00,2026-01-10,4.494166666666667,16,3.44999997317791,-425.4375,-495,-375,15.487243321143898,56.94981666666666,154.16928166666668,56.69538333333333,154.11495
15,2026-01-10 17:32:05+00:00,2026-01-10 19:20:18+00:00,2026-01-10,1.803611111111111,6,4.166666626930237,-410.6666666666667,-456,-352,7.236508361855847,56.855383333333336,154.18215,56.96478333333334,154.2402
16,2026-01-10 22:27:15+00:00,2026-01-11 00:45:38+00:00,2026-01-10,2.306388888888889,10,4.05,-422.3,-458,-356,9.6331303698754,56.886183333333335,154.14603333333332,56.987316666666665,154.32586666666666
17,2026-01-11 05:32:02+00:00,2026-01-11 07:17:55+00:00,2026-01-11,1.7647222222222223,7,3.2999999863760814,-439.42857142857144,-494,-376,5.899945199974136,56.94558333333333,154.16528333333332,56.99066666666667,154.30831666666666
18,2026-01-11 07:42:49+00:00,2026-01-11 13:16:58+00:00,2026-01-11,5.569166666666666,25,3.7599999713897705,-417.12,-497,-343,20.29239656989833,56.98925,154.33605,56.95773333333333,154.16826666666665
19,2026-01-12 02:41:57+00:00,2026-01-12 04:14:18+00:00,2026-01-12,1.5391666666666666,10,3.9200000047683714,-483.3,-539,-454,6.003392113383135,56.73415,154.08363333333332,56.833733333333335,154.07176666666666
20,2026-01-13 05:18:28+00:00,2026-01-13 09:45:18+00:00,2026-01-13,4.447222222222222,12,3.6833333174387612,-232.66666666666666,-274,-213,16.311593073265332,54.794983333333334,154.41548333333333,54.52693333333333,154.4604
21,2026-01-13 10:56:59+00:00,2026-01-13 14:57:56+00:00,2026-01-13,4.015833333333333,11,3.263636350631714,-214.27272727272728,-238,-192,12.97651471414842,54.458216666666665,154.43786666666668,54.25416666666667,154.32963333333333
22,2026-01-13 20:55:47+00:00,2026-01-13 23:02:48+00:00,2026-01-13,2.1169444444444445,4,3.9999999403953552,-224.75,-236,-204,9.250174744028328,54.385283333333334,154.35098333333335,54.53885,154.36975
23,2026-01-14 00:58:25+00:00,2026-01-14 07:46:37+00:00,2026-01-14,6.803333333333333,23,3.6000000186588452,-217.0,-243,-173,25.101346913843766,54.582433333333334,154.4084,54.177548333333334,154.31435
24,2026-01-14 09:25:09+00:00,2026-01-14 13:07:57+00:00,2026-01-14,3.7133333333333334,13,3.761538468874418,-233.92307692307693,-246,-224,14.008273512261729,54.062983333333335,154.31646666666666,54.29241666666667,154.34066666666666
25,2026-01-14 14:27:37+00:00,2026-01-14 15:59:17+00:00,2026-01-14,1.527777777777778,4,3.350000023841858,-230.5,-240,-225,4.920191724893104,54.36953333333334,154.3317,54.28766666666667,154.33534833333334
26,2026-01-14 22:44:38+00:00,2026-01-15 01:21:28+00:00,2026-01-14,2.613888888888889,7,3.442857129233224,-231.14285714285714,-259,-210,8.904383455774411,54.605583333333335,154.37371666666667,54.459633333333336,154.32996666666668
27,2026-01-15 02:27:18+00:00,2026-01-15 05:09:08+00:00,2026-01-15,2.6972222222222224,5,3.6,-236.8,-246,-231,9.142959603680684,54.39575,154.31455,54.24968333333333,154.24863333333334
28,2026-01-15 11:54:18+00:00,2026-01-15 14:04:48+00:00,2026-01-15,2.175,6,3.3166666428248086,-267.3333333333333,-283,-261,7.3665822373944945,54.44121666666667,154.19993166666666,54.32351666666667,154.1465
29,2026-01-15 16:36:55+00:00,2026-01-15 19:39:50+00:00,2026-01-15,3.048611111111111,11,4.281818173148415,-302.6363636363636,-312,-297,13.407586489447347,54.332366666666665,154.09015,54.546483333333335,154.17645
30,2026-01-15 20:16:27+00:00,2026-01-15 22:11:40+00:00,2026-01-15,1.9202777777777778,8,3.224999964237213,-258.0,-290,-242,6.155782436380704,54.555816666666665,154.20665,54.49575,154.33121666666668
31,2026-01-15 23:24:38+00:00,2026-01-16 01:45:12+00:00,2026-01-15,2.3427777777777776,9,3.522222227520413,-274.8888888888889,-291,-260,7.863401019371144,54.469233333333335,154.29016666666666,54.38115,154.12908333333334
32,2026-01-16 10:30:17+00:00,2026-01-16 15:51:01+00:00,2026-01-16,5.345555555555555,16,3.7374999970197678,-262.25,-278,-247,20.193047012835713,54.25581666666667,154.201415,54.5794,154.2995
33,2026-01-17 22:55:17+00:00,2026-01-18 01:29:23+00:00,2026-01-17,2.5683333333333334,8,3.7249999940395355,-419.625,-491,-347,9.044435081928068,55.544383333333336,148.89201666666668,55.423966666666665,148.93976666666666
34,2026-01-18 03:30:38+00:00,2026-01-18 07:51:37+00:00,2026-01-18,4.349722222222223,10,3.459999990463257,-363.1,-420,-348,15.85774158741963,55.499066666666664,148.99318333333332,55.571266666666666,148.57398333333333
35,2026-01-18 09:07:07+00:00,2026-01-18 11:20:29+00:00,2026-01-18,2.222777777777778,7,3.471428564616612,-417.42857142857144,-451,-375,8.038920553965985,55.56275,148.4423,55.54663166666667,148.6754
36,2026-01-18 13:43:48+00:00,2026-01-18 15:25:09+00:00,2026-01-18,1.6891666666666665,8,3.4374999701976776,-385.625,-476,-354,5.970492624410323,55.50183333333333,148.89518333333334,55.4325,148.9735
37,2026-01-18 16:15:06+00:00,2026-01-18 18:44:47+00:00,2026-01-18,2.4947222222222223,9,3.9111110899183483,-356.44444444444446,-406,-338,9.704127538677726,55.4576,148.9434,55.57808333333333,148.76725
38,2026-01-18 22:58:28+00:00,2026-01-19 01:09:30+00:00,2026-01-18,2.1838888888888888,8,3.8375000059604645,-427.125,-512,-371,7.86617862506625,55.501466666666666,148.84968333333333,55.40996666666667,148.96221666666668
39,2026-01-19 01:29:35+00:00,2026-01-19 04:46:17+00:00,2026-01-19,3.2783333333333333,10,3.5800000190734864,-399.3,-472,-362,11.223873530830382,55.42776666666666,148.95021666666668,55.521033333333335,148.713
40,2026-01-19 05:59:47+00:00,2026-01-19 09:02:39+00:00,2026-01-19,3.0477777777777777,10,3.5199999809265137,-388.7,-396,-379,10.254669763417077,55.53471666666667,148.61156666666668,55.48323333333333,148.89781666666667
41,2026-01-19 16:01:58+00:00,2026-01-19 18:47:17+00:00,2026-01-19,2.7552777777777777,7,4.0428571701049805,-363.85714285714283,-394,-338,10.82966407603928,55.592,148.31215,55.60873333333333,147.99829833333334
42,2026-01-20 11:55:38+00:00,2026-01-20 13:41:09+00:00,2026-01-20,1.7586111111111111,6,4.116666674613953,-453.5,-499,-418,6.295900485561905,55.797666666666665,147.76685,55.83195,147.59288333333333
43,2026-01-20 23:46:58+00:00,2026-01-21 01:56:27+00:00,2026-01-20,2.1580555555555554,8,3.524999976158142,-452.25,-494,-399,7.599397166068247,55.7637,147.4516,55.72481666666667,147.6601
44,2026-01-21 09:41:38+00:00,2026-01-21 13:15:16+00:00,2026-01-21,3.5605555555555553,8,3.8250000178813934,-362.0,-474,-229,13.993768797049132,55.7393,147.46111666666667,55.6453,147.0976
45,2026-01-21 16:24:57+00:00,2026-01-21 19:12:00+00:00,2026-01-21,2.7841666666666667,6,3.099999984105428,-311.3333333333333,-440,-233,8.731086973827097,55.617615,147.12268333333333,55.7257,147.28623333333334
46,2026-01-24 04:10:39+00:00,2026-01-24 05:59:23+00:00,2026-01-24,1.8122222222222222,8,4.074999958276749,-118.625,-120,-118,7.440447702297916,58.65411666666667,147.69799833333337,58.70498333333333,147.88728166666667
47,2026-01-25 02:17:17+00:00,2026-01-25 04:24:55+00:00,2026-01-25,2.127222222222222,10,3.890000033378601,-120.2,-122,-118,7.812452316918808,58.5146,147.68511666666666,58.60738333333333,147.52864833333334
48,2026-01-27 15:14:56+00:00,2026-01-27 17:54:39+00:00,2026-01-27,2.6619444444444444,7,3.85714282308306,-265.57142857142856,-298,-240,9.548768670194264,55.63393333333333,146.94783333333334,55.49789833333333,147.0844
49,2026-01-27 18:17:19+00:00,2026-01-27 20:53:47+00:00,2026-01-27,2.6077777777777778,11,3.554545445875688,-258.0,-291,-235,8.643134268031897,55.516933333333334,147.07778333333334,55.56633333333333,146.87743333333333
50,2026-01-27 22:40:18+00:00,2026-01-28 04:32:35+00:00,2026-01-27,5.871388888888889,23,3.695652163547018,-272.95652173913044,-300,-237,20.533100854958242,55.5805,146.92864833333334,55.59213166666667,146.82155
51,2026-01-28 07:40:45+00:00,2026-01-28 11:29:47+00:00,2026-01-28,3.817222222222222,14,3.664285727909633,-284.7142857142857,-304,-264,13.54227169397257,55.53115,147.00496666666666,55.566383333333334,146.86931666666666
52,2026-01-28 12:36:08+00:00,2026-01-28 14:21:49+00:00,2026-01-28,1.761388888888889,8,3.1124999821186066,-251.875,-266,-241,5.087108940256803,55.57255,146.8734,55.590381666666666,146.99808333333334
53,2026-01-29 03:21:18+00:00,2026-01-29 07:10:25+00:00,2026-01-29,3.818611111111111,12,3.3833333452542624,-255.0,-362,-206,12.386173007239725,55.54108333333333,146.82278333333332,55.6815,147.0467
54,2026-01-29 07:30:26+00:00,2026-01-29 09:33:51+00:00,2026-01-29,2.0569444444444445,6,4.016666571299235,-240.66666666666666,-273,-212,8.558122547690921,55.65748333333333,147.05394833333332,55.57148333333333,146.86468333333335
55,2026-01-29 23:57:47+00:00,2026-01-30 01:29:37+00:00,2026-01-29,1.5305555555555554,6,3.5000000397364297,-281.0,-381,-237,5.485762466886224,55.5785,146.98061666666666,55.52975,146.84991666666667
56,2026-01-30 14:12:19+00:00,2026-01-30 16:30:02+00:00,2026-01-30,2.2952777777777778,8,4.000000029802322,-446.5,-493,-318,8.939276580508563,55.54861666666667,146.84726666666666,55.428733333333334,146.73276666666666
57,2026-02-01 20:06:09+00:00,2026-02-01 21:49:56+00:00,2026-02-01,1.7297222222222222,7,3.657142843518938,-312.57142857142856,-443,-213,6.175843086959752,55.84755,146.96146666666667,55.75921666666667,146.9016
58,2026-02-02 00:38:49+00:00,2026-02-02 03:57:43+00:00,2026-02-02,3.315,7,3.6857143129621233,-435.42857142857144,-464,-359,12.399106211849453,55.7265,147.12951666666666,55.73108166666667,147.49528333333333
59,2026-02-02 05:53:37+00:00,2026-02-02 09:07:49+00:00,2026-02-02,3.2366666666666664,7,3.700000047683716,-317.42857142857144,-445,-213,12.063125122772773,55.72813333333333,147.33026666666666,55.65085,147.01713333333333
60,2026-02-02 09:48:58+00:00,2026-02-02 11:30:07+00:00,2026-02-02,1.6858333333333335,6,3.199999968210856,-291.5,-354,-213,5.568072647918396,55.66433333333333,147.03178166666666,55.712066666666665,147.16726666666668
61,2026-02-02 22:46:28+00:00,2026-02-03 00:39:26+00:00,2026-02-02,1.8827777777777779,10,3.9799999713897707,-239.3,-264,-213,7.217079371908146,55.5607,147.0468,55.6569,147.06125
62,2026-02-03 14:12:20+00:00,2026-02-03 16:05:52+00:00,2026-02-03,1.8922222222222222,5,3.059999942779541,-239.6,-249,-226,5.946456640482893,55.56276666666667,146.9458,55.637631666666664,147.06021666666666
63,2026-02-04 06:10:39+00:00,2026-02-04 09:49:37+00:00,2026-02-04,3.6494444444444443,9,3.6666666666666665,-333.1111111111111,-494,-234,13.67543631483428,55.7785,147.30716666666666,55.5952,147.10481666666666
64,2026-02-04 20:43:17+00:00,2026-02-04 22:26:17+00:00,2026-02-04,1.7166666666666666,6,3.4833333094914756,-468.3333333333333,-485,-443,6.175318715724472,55.72545,147.30798333333334,55.75075,147.48425
65,2026-02-04 23:39:06+00:00,2026-02-05 01:46:19+00:00,2026-02-04,2.120277777777778,6,3.450000047683716,-486.3333333333333,-503,-454,7.470329672323519,55.7645,147.50431666666665,55.74045,147.30028333333334
66,2026-02-05 04:29:19+00:00,2026-02-05 08:40:49+00:00,2026-02-05,4.191666666666666,8,3.3624999821186066,-472.875,-504,-433,13.94841214318758,55.756433333333334,147.32841666666667,55.7934,147.7345
67,2026-02-05 20:54:49+00:00,2026-02-05 23:10:18+00:00,2026-02-05,2.2580555555555555,7,3.642857142857143,-530.0,-546,-519,7.683639439527524,55.80165,147.3681,55.81435,147.50815
68,2026-02-06 05:47:17+00:00,2026-02-06 08:44:29+00:00,2026-02-06,2.953333333333333,11,3.6181817921725186,-441.72727272727275,-471,-419,10.456781572175192,55.69655,147.37978333333334,55.7518,147.66033333333334
69,2026-02-06 20:12:11+00:00,2026-02-07 01:08:59+00:00,2026-02-06,4.946666666666667,12,3.7000000278155007,-448.9166666666667,-483,-363,17.44423530218352,55.7292,147.8445,55.74981666666667,147.56313333333333
70,2026-02-07 07:44:18+00:00,2026-02-07 09:40:37+00:00,2026-02-07,1.938611111111111,6,4.016666611035665,-464.1666666666667,-491,-412,7.41570266001677,55.763983333333336,147.38706666666667,55.742465,147.17269833333333
71,2026-02-08 08:12:28+00:00,2026-02-08 12:03:17+00:00,2026-02-08,3.8469444444444445,11,4.03636360168457,-490.45454545454544,-521,-437,14.46679945207434,55.817883333333334,147.64488333333333,55.72885,147.26576666666668
72,2026-02-08 15:09:51+00:00,2026-02-08 17:27:35+00:00,2026-02-08,2.295555555555555,6,3.866666595141093,-502.8333333333333,-513,-492,8.597055230300821,55.82373333333334,147.62041666666667,55.7712,147.38655
73,2026-02-08 23:04:38+00:00,2026-02-09 02:05:17+00:00,2026-02-08,3.0108333333333333,12,3.575000007947286,-485.8333333333333,-504,-461,10.770845992538813,55.7849,147.6248,55.77421666666667,147.31321666666668
74,2026-02-09 05:20:07+00:00,2026-02-09 07:51:18+00:00,2026-02-09,2.519722222222222,6,3.400000015894572,-521.6666666666666,-536,-506,8.211956043288724,55.796931666666666,147.2521833333333,55.80458333333333,147.49276666666665
75,2026-02-09 16:54:59+00:00,2026-02-09 19:07:48+00:00,2026-02-09,2.213611111111111,6,3.4333333571751914,-520.5,-530,-508,7.723628185924374,55.793866666666666,147.477465,55.80643333333333,147.2518
76,2026-02-12 13:56:14+00:00,2026-02-12 15:45:18+00:00,2026-02-12,1.8177777777777777,6,3.5166666507720947,-471.5,-512,-408,6.579383421913655,55.72796666666667,147.19191666666666,55.81035,147.31646666666666
77,2026-02-12 17:14:55+00:00,2026-02-12 19:26:26+00:00,2026-02-12,2.1919444444444447,5,3.6,-416.0,-505,-298,7.882207737155558,55.79751666666667,147.27015,55.68705,147.15131666666667
78,2026-02-13 13:00:47+00:00,2026-02-13 16:03:55+00:00,2026-02-13,3.052222222222222,7,3.871428523744856,-291.2857142857143,-362,-239,12.140901683496224,55.64,147.15408333333335,55.456066666666665,147.00876666666667
79,2026-02-14 08:26:42+00:00,2026-02-14 10:26:47+00:00,2026-02-14,2.0013888888888887,8,4.075000017881393,-271.875,-296,-236,8.136297568529821,55.63966666666666,147.14221666666666,55.508465,147.09343333333334
80,2026-02-15 01:44:26+00:00,2026-02-15 05:09:47+00:00,2026-02-15,3.4225,9,3.6333333121405706,-285.3333333333333,-347,-232,12.49363472469441,55.68878333333333,147.22116666666668,55.48871666666667,147.14099833333333
81,2026-02-15 06:47:38+00:00,2026-02-15 08:19:27+00:00,2026-02-15,1.5302777777777776,5,3.2799999713897705,-263.2,-297,-239,5.294196429972693,55.549733333333336,147.17063333333334,55.6365,147.19243333333333
82,2026-02-15 10:02:06+00:00,2026-02-15 12:00:25+00:00,2026-02-15,1.9719444444444443,6,3.883333365122477,-278.3333333333333,-342,-233,7.976892036602183,55.6904,147.21226666666666,55.56061666666667,147.16773333333333
83,2026-02-15 13:58:36+00:00,2026-02-15 15:32:46+00:00,2026-02-15,1.5694444444444444,4,3.274999976158142,-296.75,-367,-232,5.1932379672230695,55.621433333333336,147.18191666666667,55.70426666666667,147.22405
84,2026-02-15 21:56:34+00:00,2026-02-16 01:11:05+00:00,2026-02-15,3.2419444444444445,9,3.733333296245999,-280.44444444444446,-342,-235,12.610058701257683,55.488083333333336,147.11341666666667,55.68965,147.21473333333333
85,2026-02-16 08:13:05+00:00,2026-02-16 10:18:16+00:00,2026-02-16,2.086388888888889,7,3.742857183728899,-333.85714285714283,-474,-246,7.932057066614338,55.75574833333334,147.28706666666668,55.6371,147.1945
86,2026-02-16 14:47:17+00:00,2026-02-16 16:31:07+00:00,2026-02-16,1.7305555555555554,4,4.0,-269.75,-347,-234,7.045481791269788,55.68738333333334,147.2248,55.578316666666666,147.14996666666667
87,2026-02-16 17:13:55+00:00,2026-02-16 18:47:09+00:00,2026-02-16,1.5538888888888889,7,3.6142856734139577,-255.28571428571428,-290,-234,5.590097354988664,55.581266666666664,147.13545,55.66721666666667,147.19355
88,2026-02-16 23:18:36+00:00,2026-02-17 04:27:47+00:00,2026-02-16,5.1530555555555555,13,3.523076919408945,-357.46153846153845,-457,-236,17.98221760514622,55.741416666666666,147.33273333333332,55.5105,147.03373333333334
89,2026-02-17 04:59:25+00:00,2026-02-17 07:17:57+00:00,2026-02-17,2.3088888888888888,7,3.4857142312186107,-259.2857142857143,-279,-232,8.306088991702648,55.5409,147.06395,55.67178166666667,147.13848333333334
90,2026-02-17 10:44:29+00:00,2026-02-17 12:49:28+00:00,2026-02-17,2.0830555555555557,8,3.399999976158142,-254.0,-279,-233,7.002954060623164,55.58135,147.11198166666668,55.69368333333333,147.12783333333334
91,2026-02-17 15:32:34+00:00,2026-02-17 17:21:00+00:00,2026-02-17,1.8072222222222223,6,3.5166666905085244,-261.6666666666667,-287,-232,6.722605124709691,55.63166666666667,147.08166666666668,55.53005,147.00815
92,2026-02-17 18:03:28+00:00,2026-02-17 23:48:46+00:00,2026-02-17,5.755,22,3.9681817943399604,-347.90909090909093,-528,-233,22.948384730752633,55.53568333333333,147.00795,55.87295,147.27851666666666
93,2026-02-18 02:09:07+00:00,2026-02-18 10:16:37+00:00,2026-02-18,8.125,25,3.5479999732971192,-345.36,-535,-235,28.083031573755726,55.868833333333335,147.24508333333333,55.67075,147.17898333333332
94,2026-02-18 14:01:04+00:00,2026-02-18 16:10:16+00:00,2026-02-18,2.1533333333333333,7,3.300000020435878,-527.1428571428571,-543,-510,7.292514546511043,55.82213333333333,147.35235,55.83376666666667,147.56241666666668
95,2026-02-28 02:01:14+00:00,2026-02-28 04:41:47+00:00,2026-02-28,2.6758333333333337,13,3.615384652064397,-276.53846153846155,-286,-267,9.859102924045269,58.54975,156.01096666666666,58.442366666666665,155.7981
96,2026-03-02 02:09:55+00:00,2026-03-02 05:20:20+00:00,2026-03-02,3.173611111111111,8,3.5250000059604645,-236.75,-242,-231,11.397672731954357,58.56335,155.81833333333333,58.50058333333333,155.56573333333333
97,2026-03-02 16:50:25+00:00,2026-03-02 18:41:25+00:00,2026-03-02,1.85,6,4.083333333333333,-244.0,-268,-228,7.857039390845066,58.53231666666667,155.56691666666666,58.417883333333336,155.45086666666666
98,2026-03-03 03:54:16+00:00,2026-03-03 05:39:36+00:00,2026-03-03,1.7555555555555555,5,3.740000009536743,-254.4,-268,-241,6.521790875365282,58.42158333333333,155.45086666666666,58.488566666666664,155.61273166666666
99,2026-03-03 11:47:07+00:00,2026-03-03 13:59:34+00:00,2026-03-03,2.2075,8,3.2750000059604645,-235.375,-244,-225,7.502807553043896,58.519283333333334,155.73425,58.61155,155.89425
100,2026-03-03 17:21:26+00:00,2026-03-03 19:09:24+00:00,2026-03-03,1.7994444444444444,4,3.074999988079071,-256.5,-262,-252,5.7279768482278435,58.46261666666667,155.72316666666666,58.5349,155.84103333333334
101,2026-03-03 20:21:36+00:00,2026-03-03 21:55:16+00:00,2026-03-03,1.5611111111111111,6,3.5166666507720947,-269.8333333333333,-278,-264,5.936694755139622,58.585683333333336,155.93553333333332,58.64915,156.07188333333335
102,2026-03-04 02:42:05+00:00,2026-03-04 05:32:06+00:00,2026-03-04,2.8336111111111113,8,3.6750000417232513,-232.375,-238,-226,9.930645568788362,58.99625,156.57606666666666,58.8748,156.36081666666666
103,2026-03-04 12:09:57+00:00,2026-03-04 14:49:17+00:00,2026-03-04,2.655555555555556,6,4.116666555404663,-275.6666666666667,-289,-261,10.996674709510245,58.4853,155.79101666666668,58.33363333333333,155.59895
104,2026-03-05 01:08:30+00:00,2026-03-05 03:27:16+00:00,2026-03-05,2.312777777777778,9,4.555555608537462,-269.77777777777777,-279,-262,10.456224590550352,58.2442,155.51085,58.37008333333333,155.726715
105,2026-03-05 09:28:36+00:00,2026-03-05 13:15:46+00:00,2026-03-05,3.786111111111111,17,3.5588235294117645,-267.29411764705884,-282,-249,13.307423321849523,58.43505,155.88156666666666,58.5867,156.14153333333334
106,2026-03-05 17:09:05+00:00,2026-03-05 19:30:48+00:00,2026-03-05,2.3619444444444446,6,4.083333253860474,-267.3333333333333,-275,-256,9.9115581742704,58.76745,156.37476666666666,58.631933333333336,156.19421666666668
107,2026-03-05 21:07:56+00:00,2026-03-05 23:26:08+00:00,2026-03-05,2.3033333333333332,9,4.088888963063558,-271.6666666666667,-280,-259,9.523330132475387,58.57425,156.09891666666667,58.703066666666665,156.24263333333334
108,2026-03-06 10:16:07+00:00,2026-03-06 15:40:35+00:00,2026-03-06,5.407777777777778,23,4.126086991766225,-261.17391304347825,-290,-230,21.322157336855845,58.82325,156.40486666666666,58.73635,156.20786666666666
109,2026-03-06 21:36:37+00:00,2026-03-06 23:30:58+00:00,2026-03-06,1.9058333333333333,8,4.074999988079071,-277.5,-287,-267,7.882322351181263,58.729033333333334,156.21695,58.63576666666667,156.0403
110,2026-03-07 12:43:07+00:00,2026-03-07 14:25:25+00:00,2026-03-07,1.7049999999999998,5,4.179999923706054,-273.6,-278,-269,7.302433659742537,58.44048333333333,155.71743333333333,58.52891666666667,155.87676666666667
111,2026-03-07 21:58:19+00:00,2026-03-07 23:53:35+00:00,2026-03-07,1.921111111111111,8,3.6624999940395355,-278.25,-283,-274,6.844674902973636,58.40958333333333,155.92916666666667,58.50951666666667,155.9984
112,2026-03-08 02:47:04+00:00,2026-03-08 04:19:14+00:00,2026-03-08,1.5361111111111112,7,4.071428571428571,-271.42857142857144,-279,-267,6.342998870187365,58.46338333333333,155.94075,58.38223333333333,155.81266666666667
113,2026-03-08 10:19:26+00:00,2026-03-08 12:00:03+00:00,2026-03-08,1.6769444444444443,6,3.200000007947286,-267.1666666666667,-268,-265,5.435135674003593,58.34935,155.74148333333332,58.41746666666667,155.85398333333333
114,2026-03-08 20:09:36+00:00,2026-03-08 22:13:36+00:00,2026-03-08,2.066666666666667,9,3.1888888676961265,-258.0,-262,-255,6.638568359294636,58.20786666666667,155.49388333333334,58.27883333333333,155.65321666666668
115,2026-03-09 02:38:24+00:00,2026-03-09 04:23:46+00:00,2026-03-09,1.756111111111111,4,4.199999928474426,-256.25,-261,-254,7.363732026060838,58.32545,155.7771,58.244566666666664,155.601865
116,2026-03-09 20:36:07+00:00,2026-03-09 22:40:17+00:00,2026-03-09,2.0694444444444446,7,3.9571428639548167,-278.14285714285717,-285,-267,8.152604642494214,58.374066666666664,155.8892,58.48745,156.02308333333335
117,2026-03-10 00:31:36+00:00,2026-03-10 04:59:06+00:00,2026-03-10,4.458333333333333,17,3.8705882324891934,-270.0,-283,-254,17.391762431173326,58.50633333333333,156.02681666666666,58.286766666666665,155.67585
118,2026-03-10 10:10:55+00:00,2026-03-10 11:55:49+00:00,2026-03-10,1.7483333333333335,8,4.199999988079071,-257.625,-267,-253,7.395475908394063,58.360566666666664,155.83105,58.26518333333333,155.68778333333333
119,2026-03-10 19:56:30+00:00,2026-03-11 01:10:24+00:00,2026-03-10,5.2316666666666665,13,3.446153842485868,-267.0,-282,-255,18.79675599338266,58.536516666666664,156.10421666666667,58.297216666666664,155.72666666666666
120,2026-03-11 10:02:37+00:00,2026-03-11 13:06:55+00:00,2026-03-11,3.0716666666666668,10,3.8799999952316284,-274.5,-311,-242,11.696724459353453,58.169066666666666,155.5197,58.08408333333333,155.19091666666668
121,2026-03-11 22:06:37+00:00,2026-03-11 23:59:58+00:00,2026-03-11,1.8891666666666667,4,3.8749999403953552,-252.75,-260,-250,7.507543477608506,58.142066666666665,155.36813333333333,58.20858333333333,155.56833333333333
122,2026-03-13 05:31:06+00:00,2026-03-13 10:00:04+00:00,2026-03-13,4.482777777777778,11,3.563636367971247,-118.0,-167,-98,16.66403471843523,58.521116666666664,156.95435,58.6836,156.576115
123,2026-03-14 00:55:47+00:00,2026-03-14 04:12:38+00:00,2026-03-14,3.2808333333333333,13,4.215384666736309,-255.53846153846155,-266,-244,13.792312566843597,58.364716666666666,155.79218333333333,58.18311666666666,155.54383166666668
124,2026-03-14 06:35:13+00:00,2026-03-14 08:33:05+00:00,2026-03-14,1.9644444444444444,7,3.0857142380305698,-246.42857142857142,-254,-243,6.207988536728906,58.12278333333333,155.39753333333334,58.18615,155.5509
125,2026-03-14 14:02:49+00:00,2026-03-14 16:31:06+00:00,2026-03-14,2.471388888888889,6,3.7666666905085244,-259.1666666666667,-267,-254,9.437089538219361,58.365233333333336,155.79436666666666,58.24718333333333,155.60653333333337
126,2026-03-15 00:27:10+00:00,2026-03-15 06:02:01+00:00,2026-03-15,5.5808333333333335,15,3.7266666889190674,-273.6,-288,-254,20.894883100828153,58.2756,155.68536666666665,58.57095,156.01433333333333
127,2026-03-15 14:42:05+00:00,2026-03-15 17:17:26+00:00,2026-03-15,2.5891666666666664,6,3.2666666507720947,-271.0,-281,-255,8.629329549507618,58.7786,156.32126666666667,58.88046666666666,156.51708333333335
128,2026-03-16 03:07:27+00:00,2026-03-16 06:12:57+00:00,2026-03-16,3.091666666666667,11,3.545454567128962,-274.27272727272725,-281,-264,10.6982257574034,58.7051,156.2464,58.84226666666667,156.46213166666666
129,2026-03-16 06:39:46+00:00,2026-03-16 08:21:55+00:00,2026-03-16,1.7025000000000001,4,4.375,-272.75,-277,-267,7.690430545023974,58.8101,156.42775,58.70545,156.28673333333333
130,2026-03-16 11:26:37+00:00,2026-03-16 14:18:50+00:00,2026-03-16,2.870277777777778,9,3.2111110952165394,-260.3333333333333,-266,-257,9.287072852621721,58.55855,156.083415,58.68451666666667,156.25513333333333
131,2026-03-17 01:11:55+00:00,2026-03-17 04:57:39+00:00,2026-03-17,3.762222222222222,9,3.5555555555555554,-264.8888888888889,-269,-261,13.395901647445273,58.82073333333334,156.55723333333333,58.67556666666667,156.23211666666666
132,2026-03-17 09:56:48+00:00,2026-03-17 14:08:56+00:00,2026-03-17,4.202222222222222,12,3.300000031789144,-264.9166666666667,-270,-259,14.336394392032489,58.668816666666665,156.26004833333334,58.85393333333333,156.55003333333335
133,2026-03-18 20:40:16+00:00,2026-03-18 22:17:47+00:00,2026-03-18,1.6252777777777778,7,3.3714285578046526,-260.2857142857143,-263,-258,5.39604715248191,58.877066666666664,156.62781666666666,58.81455,156.51064833333334
134,2026-03-19 08:20:07+00:00,2026-03-19 10:32:03+00:00,2026-03-19,2.198888888888889,7,3.528571401323591,-267.0,-275,-261,7.785247598319322,58.62853333333333,156.14965,58.705083333333334,156.35036666666667
135,2026-03-19 11:02:07+00:00,2026-03-19 13:00:46+00:00,2026-03-19,1.9775,9,3.6666666666666665,-264.0,-269,-257,6.920977910537998,58.724716666666666,156.35788333333332,58.644983333333336,156.2008
136,2026-03-19 14:08:34+00:00,2026-03-19 16:46:48+00:00,2026-03-19,2.637222222222222,12,3.9333333571751914,-260.4166666666667,-269,-254,9.756032292061548,58.58938333333333,156.1502166666667,58.71243333333334,156.34153333333333
137,2026-03-19 18:23:16+00:00,2026-03-19 20:15:25+00:00,2026-03-19,1.8691666666666669,7,4.314285823277065,-277.14285714285717,-286,-268,8.267595938068604,58.67726666666667,156.19208333333333,58.60273333333333,155.970915
138,2026-03-19 21:57:57+00:00,2026-03-20 00:36:05+00:00,2026-03-19,2.6355555555555554,8,4.199999958276749,-280.625,-285,-268,11.50809213108382,58.57758333333334,155.98091666666667,58.7164,156.23345
139,2026-03-20 09:43:43+00:00,2026-03-20 11:36:55+00:00,2026-03-20,1.8866666666666667,7,3.728571449007307,-274.2857142857143,-278,-268,6.941719474533594,58.64555,156.06998333333334,58.712833333333336,156.23638333333332
140,2026-03-20 17:20:14+00:00,2026-03-20 19:41:53+00:00,2026-03-20,2.3608333333333333,6,3.3999999364217124,-222.83333333333334,-228,-219,7.835812855075041,58.59795,155.75473333333332,58.64993333333334,155.98363333333333
141,2026-03-20 20:16:31+00:00,2026-03-20 22:21:46+00:00,2026-03-20,2.0875,8,3.9749999940395355,-286.875,-293,-280,8.36487989262321,58.6342,156.01926666666665,58.5157,155.89058333333332
142,2026-03-20 23:00:25+00:00,2026-03-21 00:33:35+00:00,2026-03-20,1.5527777777777778,6,3.849999984105428,-286.0,-294,-278,6.14002608704226,58.51481666666667,155.90288333333334,58.5965,156.01535
143,2026-03-24 15:07:35+00:00,2026-03-24 17:38:45+00:00,2026-03-24,2.5194444444444444,10,3.6900000095367433,-254.5,-262,-247,9.452771988585273,57.73761666666667,151.65568333333334,57.621383333333334,151.5312833333333
144,2026-03-24 18:16:44+00:00,2026-03-24 20:27:03+00:00,2026-03-24,2.1719444444444442,9,3.9666666984558105,-253.88888888888889,-265,-243,8.779789893616716,57.62963333333333,151.52595,57.7259,151.69174833333332
145,2026-03-24 21:03:17+00:00,2026-03-24 22:45:50+00:00,2026-03-24,1.7091666666666667,7,3.557142802647182,-257.57142857142856,-262,-249,6.092801182503615,57.72311666666667,151.67201666666668,57.63731666666666,151.60561666666666
146,2026-03-25 01:03:16+00:00,2026-03-25 03:13:04+00:00,2026-03-25,2.1633333333333336,9,3.8444444603390164,-252.88888888888889,-264,-242,8.558763564772004,57.65505,151.63183333333333,57.779316666666666,151.64913333333334
147,2026-03-25 03:48:36+00:00,2026-03-25 05:46:19+00:00,2026-03-25,1.9619444444444445,5,4.019999980926514,-251.6,-256,-243,8.044435714140384,57.76665,151.65041666666667,57.640683333333335,151.60785
148,2026-03-25 09:39:15+00:00,2026-03-25 12:35:07+00:00,2026-03-25,2.9311111111111114,12,3.6666666666666665,-260.0833333333333,-274,-253,10.684831287946748,57.55363333333333,151.42936666666665,57.656866666666666,151.69336666666666
149,2026-03-25 13:10:46+00:00,2026-03-25 14:58:14+00:00,2026-03-25,1.791111111111111,6,3.5333333015441895,-266.1666666666667,-272,-260,6.4746269748834635,57.654916666666665,151.6822,57.58323333333333,151.53583333333333
150,2026-03-25 16:16:06+00:00,2026-03-25 20:40:48+00:00,2026-03-25,4.411666666666666,15,3.8199999491373697,-261.06666666666666,-272,-245,16.633300790575714,57.630966666666666,151.63153333333332,57.59088333333333,151.52448166666667
151,2026-03-26 05:46:48+00:00,2026-03-26 07:21:11+00:00,2026-03-26,1.5730555555555557,4,3.8499999046325684,-256.25,-258,-255,5.854740085438023,57.57215,151.5037,57.51583333333333,151.358
152,2026-03-27 06:56:54+00:00,2026-03-27 08:40:20+00:00,2026-03-27,1.723888888888889,6,4.016666650772095,-106.83333333333333,-110,-104,7.295877360036291,58.76186666666667,149.64708333333334,58.87515,149.56438333333332
153,2026-03-28 20:22:25+00:00,2026-03-28 21:55:05+00:00,2026-03-28,1.5444444444444445,6,3.6833333174387612,-316.0,-331,-295,5.815897203390302,55.652766666666665,149.03021666666666,55.67665,148.865
154,2026-03-29 05:13:52+00:00,2026-03-29 06:59:10+00:00,2026-03-29,1.755,5,3.660000038146973,-294.6,-302,-286,5.074091360818104,55.68833333333333,148.875,55.677033333333334,148.98273333333333
155,2026-03-29 21:45:26+00:00,2026-03-30 00:44:05+00:00,2026-03-29,2.9775,10,3.7299999952316285,-289.4,-302,-285,11.4082471941269,55.69813333333333,148.73436666666666,55.70948333333333,149.06536666666668
156,2026-03-30 04:32:16+00:00,2026-03-30 07:34:02+00:00,2026-03-30,3.0294444444444446,7,4.1000000068119595,-293.7142857142857,-303,-285,11.879199781791634,55.691716666666665,148.9175,55.72163166666667,148.5862
157,2026-03-30 15:29:58+00:00,2026-03-30 17:02:36+00:00,2026-03-30,1.543888888888889,5,3.219999980926514,-310.4,-317,-303,5.076006852832833,55.695766666666664,148.60661666666667,55.66663333333333,148.74443333333335
158,2026-03-30 19:02:23+00:00,2026-03-30 22:00:35+00:00,2026-03-30,2.9699999999999998,8,3.6875,-298.125,-314,-285,10.986769558064399,55.69068166666667,148.87555,55.7114,148.56105
159,2026-03-30 23:35:05+00:00,2026-03-31 02:06:45+00:00,2026-03-30,2.5277777777777777,11,3.727272705598311,-290.8181818181818,-297,-285,9.60176774733186,55.71685,148.65388333333334,55.699015,148.91303166666663
160,2026-03-31 02:50:15+00:00,2026-03-31 05:21:07+00:00,2026-03-31,2.5144444444444445,8,3.775000035762787,-288.5,-291,-285,9.514561029644481,55.694433333333336,148.90203333333332,55.72821666666667,148.64488333333333
161,2026-03-31 07:01:44+00:00,2026-03-31 08:46:25+00:00,2026-03-31,1.7447222222222223,7,3.557142870766776,-290.14285714285717,-297,-285,6.377809337313978,55.72033166666667,148.64735,55.68865,148.82103333333333
162,2026-03-31 09:31:14+00:00,2026-03-31 12:58:45+00:00,2026-03-31,3.4586111111111113,8,3.875,-290.375,-298,-277,13.21634916434602,55.688,148.82183333333333,55.70603333333333,148.65715
163,2026-03-31 17:03:19+00:00,2026-03-31 18:50:06+00:00,2026-03-31,1.7797222222222222,7,4.242857047489712,-287.7142857142857,-300,-270,7.705051235835076,55.687733333333334,148.75678166666663,55.75213333333333,148.56493333333333
164,2026-03-31 20:04:26+00:00,2026-03-31 23:20:57+00:00,2026-03-31,3.275277777777778,16,3.5312499701976776,-289.6875,-297,-277,11.449688992885465,55.73931666666667,148.58448333333334,55.6986,148.8868
165,2026-03-31 23:58:35+00:00,2026-04-01 02:17:06+00:00,2026-03-31,2.3086111111111114,7,3.8142857210976735,-287.42857142857144,-293,-278,8.917801804110043,55.69258333333333,148.81695,55.744215,148.5887
166,2026-04-01 05:17:35+00:00,2026-04-01 07:13:49+00:00,2026-04-01,1.9372222222222222,7,4.1000000068119595,-274.14285714285717,-279,-268,7.480294516967548,55.75491666666667,148.51253333333332,55.79743333333333,148.30578333333332
167,2026-04-01 08:15:53+00:00,2026-04-01 10:17:00+00:00,2026-04-01,2.018611111111111,9,3.32222220632765,-281.6666666666667,-293,-277,6.967002195955906,55.77995,148.40703333333337,55.72468333333333,148.58205
168,2026-04-01 19:50:14+00:00,2026-04-01 21:27:58+00:00,2026-04-01,1.6288888888888888,5,4.000000095367431,-275.8,-281,-272,6.239392951410632,55.76996666666667,148.49793333333332,55.801316666666665,148.32441666666668
169,2026-04-02 09:06:16+00:00,2026-04-02 11:26:57+00:00,2026-04-02,2.3447222222222224,9,3.5333333015441895,-277.55555555555554,-283,-271,8.433830811887937,55.8186,148.27403166666667,55.757016666666665,148.49653333333333
170,2026-04-02 21:28:25+00:00,2026-04-02 23:01:38+00:00,2026-04-02,1.553611111111111,4,3.574999988079071,-273.75,-279,-268,5.861881086607562,55.795366666666666,148.30581666666666,55.75598333333333,148.46408333333332
171,2026-04-03 03:53:16+00:00,2026-04-03 06:14:05+00:00,2026-04-03,2.3469444444444445,6,3.849999984105428,-261.3333333333333,-277,-242,7.395264391182824,55.78208333333333,148.358715,55.805748333333334,148.2013
172,2026-04-03 07:19:44+00:00,2026-04-03 12:40:55+00:00,2026-04-03,5.353055555555556,23,3.7043478074281113,-260.30434782608694,-305,-239,19.034942514925877,55.83943333333333,148.08763333333334,55.69226666666667,148.507
173,2026-04-03 17:30:25+00:00,2026-04-03 22:45:48+00:00,2026-04-03,5.256388888888889,11,3.800000017339533,-241.8181818181818,-265,-229,19.491331708011323,56.07055,149.5818,56.052733333333336,149.55568333333332
